{
    "0": [
        0.012727246613698284,
        0.003236897812251153,
        0.012703563458346187,
        0.024051383128001664,
        0.019691655584513985,
        0.02188790248449853,
        0.11602104282549892,
        0.37817873388848966,
        0.09811084032965785,
        0.018815188772123292,
        0.020622638209412496,
        0.01861227445382004,
        0.031558692804537714,
        0.094786159771805,
        0.04414434978389181,
        0.017343714108366843,
        0.07409046217799187,
        0.17482775138887519,
        0.0434139972818078,
        0.09328252734424798,
        0.04566489583279084,
        0.06873991486281739,
        0.007075615280995577,
        0.00692003572212722
    ],
    "1": [
        0.003162992167441795,
        0.0036080597540906942,
        0.021222355775535107,
        0.0033421288777996474,
        0.002538633861756049,
        0.0031341308814868776,
        0.02111062870706822,
        0.04790316910172502,
        0.005322366927354476,
        0.03871600508379439,
        0.00909619607652227,
        0.026252916276765365,
        0.0019898103979964312,
        0.0018410146688741709,
        0.0013828844563856062,
        0.0019621501032816013,
        0.0017795456437852408,
        0.28848390859396505,
        0.007224794884677976,
        0.0021393285217830758,
        0.003590629654354416,
        0.1650607955743908,
        0.010142019606670752,
        0.033958017166393496
    ],
    "2": [
        0.009126518309737245,
        0.010118449024351625,
        0.007351131733836762,
        0.036323825380047005,
        0.07009397260844707,
        0.009066156526387203,
        0.007246272735452901,
        0.006896791846277968,
        0.01654122773228058,
        0.03597675329850366,
        0.17340204709519944,
        0.14517494601507983,
        0.01198464966728352,
        0.01223413267386301,
        0.15249367011711001,
        0.5146298625816902,
        1.6520871073007584,
        0.4427965860037754,
        0.019667825525781762,
        0.08735085214235976,
        0.01623737066499113,
        0.008608064864347398,
        0.026823135898666806,
        0.007912737924319421
    ],
    "3": [
        0.17293371355238682,
        0.032156791227559246,
        0.021511135412652038,
        0.005690204134983408,
        0.0077112528964183484,
        0.007242141160380318,
        0.00517112633118207,
        0.004542572257832944,
        0.004346643142222699,
        0.12271929679263849,
        0.06253038538367643,
        0.1642139430672008,
        0.004595323631292558,
        0.003929089785591107,
        0.010960877799031246,
        0.1005546620581299,
        0.11927699451916851,
        0.039843714951227106,
        0.02828277061841315,
        0.02598960347798614,
        0.06763479864457622,
        0.032132158465060456,
        0.08183332442240498,
        0.04676222340367531
    ],
    "4": [
        0.17772315613304576,
        0.047158231085631996,
        0.029907423304393888,
        0.044763632944523124,
        0.07469163627441351,
        0.10063553287909599,
        0.14362488958674172,
        0.04392124477211231,
        0.03118051139366192,
        0.008139952120473026,
        0.009188981134760374,
        0.0072007199878498795,
        0.01129777569963153,
        0.013894771982450038,
        4.459214902002714,
        0.08593167744887371,
        0.03536662389524281,
        0.15590243972837925,
        0.009832350582049306,
        0.01920448018730288,
        0.058066698004646845,
        0.08363022158543269,
        0.014829858477848271,
        0.02365077681800661
    ],
    "5": [
        0.013253122157038888,
        0.018865666554726584,
        0.02025317871266452,
        1.5963131291112707,
        0.3092230895029691,
        0.24916984047740698,
        5.184358618959474,
        4.583869720576331,
        4.168478923267685,
        0.012860712975149605,
        0.008615836041675115,
        0.020236503205827223,
        0.46801262713658315,
        0.17076348538588113,
        0.10512759955599904,
        0.049032331289102636,
        0.0845326567068696,
        0.25092102598864585,
        0.05368993918818887,
        0.024144440891632257,
        0.05233182620637914,
        0.025306855130111217,
        0.014372932961161192,
        0.032900858672746836
    ],
    "6": [
        0.04655104279815229,
        0.7363919569955518,
        0.08988447778392583,
        0.07551571594861646,
        0.4650549097665741,
        0.0759167937450987,
        0.0044631629907598835,
        0.004416811200523322,
        0.008143439423292875,
        0.019727342656248464,
        0.12586040461853068,
        0.010070273864888199,
        0.008823932091824341,
        0.047018007467007315,
        0.014507544130234843,
        0.3993054932022157,
        0.23044964539197585,
        0.32972957262275787,
        0.13086400895069042,
        0.8111497168429196,
        0.09804515285941307,
        0.6493339094643792,
        1.088090335278442,
        0.02239173466990489
    ],
    "7": [
        0.015346148611570243,
        0.008081457886722395,
        1.6758926938443135,
        0.06494599720159992,
        0.17826354651091,
        0.40714532827648026,
        0.15021461773540068,
        0.28705678829464887,
        0.05491380388476822,
        0.047228295494884755,
        0.07870411173348657,
        0.11376145745240744,
        0.09209485072021077,
        0.10348434981419057,
        0.14080771940825798,
        0.03633038165844482,
        0.1373295715699593,
        0.5873640526551753,
        0.6755652102971604,
        0.23223741856054403,
        0.48873389162569464,
        0.09757499765206983,
        0.1298288265188603,
        0.0933532566705253
    ],
    "8": [
        2.167929856862306,
        0.3507255748578852,
        9.626224977482101,
        0.07951456637238152,
        0.08956064619269455,
        0.11702401690733193,
        3.9353071602187506,
        0.06874523379762347,
        19.29439704838849,
        0.08448058442506105,
        0.20603476875112392,
        0.14759280060934543,
        0.17776440642774105,
        0.3448718000824253,
        0.45490316648889956,
        0.011534360451435077,
        0.02754448047585356,
        0.04317412686881047,
        1.1346309210348409,
        0.5562389049252184,
        0.4816667344275629,
        0.252833607858823,
        2.1365973274005228,
        0.5576715285424143
    ],
    "9": [
        0.6560041056363843,
        3.04247480326012,
        0.883601542613178,
        0.07514589520481725,
        0.1261320854537189,
        0.20453115490575632,
        0.010815781670923267,
        0.011311831924103899,
        0.014551312329179686,
        1.7168178379458066,
        5.659740912766817,
        0.8710299805582812,
        0.27136963499651756,
        0.2990989028670204,
        1.0763632805319503,
        0.104057877761079,
        0.16585474533106512,
        0.33566862699808553,
        0.12896754213579698,
        1.7190587654865037,
        0.05866674892119287,
        1.340034866744342,
        0.21232770661057052,
        8.943839427598505
    ],
    "10": [
        0.053141971002332866,
        0.35769876073269796,
        0.12313310730193432,
        7.88998171029137,
        10.51884111120095,
        3.2047712957525314,
        0.15056618319552703,
        0.17951386262817928,
        0.08590114237449598,
        0.3244045849811907,
        0.7325874765519984,
        3.6240617493604077,
        0.008040946331069184,
        0.03208175411176247,
        0.01749752764681034,
        0.2278315022898217,
        0.8179256631216655,
        0.8848274539535245,
        0.3007404533176062,
        0.3000494410322669,
        0.17382980353431776,
        0.6564649625215679,
        0.13911552540957928,
        0.5186453287024051
    ],