{
    "0": [
        0.016235136915244742,
        0.03950850087761981,
        0.0063322773043105,
        0.0336650832457864,
        0.1064182209493957,
        0.10495554069819399,
        0.09225396962100607,
        0.08447314525255933,
        0.2633343862097883,
        0.721839975222692,
        0.19942399462124868,
        0.7315500983935234,
        0.10791532947451156,
        0.11177019096142032,
        0.10457090096170368,
        0.2239069689423164,
        0.0910760186984638,
        0.10532629935860507,
        0.27167369682073356,
        0.13200968925532922,
        0.49157114067111574,
        0.516731019970361,
        0.2975742061791471,
        0.3396409918297579,
        0.10229449569062475,
        0.16424604888766792,
        0.12171041649651095,
        0.1318404846808134,
        0.16012208815995485,
        0.06355073645008621,
        0.08037721357735875,
        0.07121306594156286
    ],
    "1": [
        0.002242709163475278,
        0.002895825334743421,
        0.05667494029946811,
        0.004576944730916658,
        0.004025518180297239,
        0.0026094960473441384,
        0.002927048330475308,
        0.01327105484127309,
        0.06512554199641961,
        0.1240873892536367,
        0.01677269682149797,
        0.0077773149595910755,
        0.1374481870822635,
        0.024247349276343276,
        0.06211892465043323,
        0.0349466309110465,
        0.0015032006414388423,
        0.001402676877307476,
        0.001047940203330473,
        0.006942690003102612,
        0.002166236655857477,
        0.2050353350164203,
        0.5683609050360467,
        5.453498648552496,
        0.0014629228539483994,
        0.0031635039469419426,
        0.0010823357625146897,
        0.0019104013256140359,
        0.39070122797718254,
        0.2034481161098357,
        0.03244646606275818,
        0.10575014636503845
    ],
    "2": [
        0.015024501421901868,
        0.00793054976933089,
        0.008912274427960538,
        0.014560375046946135,
        0.08053405075938876,
        0.6105130290566178,
        0.3506417422691274,
        0.01090674687283001,
        0.006194357534669989,
        0.00667686023477223,
        0.04310425988305692,
        0.00528835719965545,
        0.01826318403460695,
        0.03728752846494433,
        0.5275503104267596,
        0.30701782313105896,
        0.013104411348944125,
        0.050710070785466466,
        0.01291905243005239,
        0.3547144118577136,
        0.7517122076923737,
        0.012478941511296505,
        0.012311410412417718,
        0.05778598902064286,
        0.023229871113054218,
        0.005613270656701204,
        0.5248729637214475,
        0.030387059963841983,
        0.004064749973557651,
        0.017365581947394383,
        0.0038127336679038394,
        0.0030894851636170955
    ],
    "3": [
        0.47790619834356035,
        0.07459607826433148,
        0.12342491396661397,
        0.021324422068250103,
        0.004052592682789098,
        0.008049402556015888,
        0.01208044284187403,
        0.01812357895198076,
        0.009137966654948464,
        0.2078623320927344,
        0.014121689856279429,
        0.009249270840604323,
        0.7717578493032167,
        0.5038366410947567,
        0.3522982681551252,
        0.22439425473908886,
        0.00943155084590401,
        0.003403080276936936,
        0.0029017139758352934,
        0.008797629020057512,
        0.22870836011879808,
        0.23363342749044377,
        0.635502537904685,
        0.1093871515522648,
        0.20529108123689743,
        0.27246131259430983,
        0.02794305280926455,
        0.2112614420173007,
        0.10484476750495958,
        0.2207989035293566,
        0.24328071683066485,
        0.07235051139455258
    ],
    "4": [
        0.2635986211036872,
        0.20368340968741006,
        0.11908110539226717,
        0.13909334002652626,
        0.05395650435988811,
        0.2751097011568814,
        0.8700517356475265,
        0.10597498532486342,
        0.6044176724139482,
        0.07481168411602515,
        0.3727164004939307,
        0.10456203459513463,
        0.008363741372539613,
        0.006671674096308176,
        0.003723958511038284,
        0.660392667818566,
        3.7472875016174707,
        0.017004000582317505,
        0.019989540811094293,
        0.7109001681897988,
        0.32249000339745626,
        0.03629685455794012,
        0.08435787090176577,
        0.5798679312419318,
        0.006846872185406837,
        0.052413002890784564,
        0.04453832488254316,
        0.053942212837711875,
        0.06237917271479169,
        0.26798878106358215,
        0.034694897776529246,
        0.08371225415332925
    ],
    "5": [
        0.3484226611983097,
        0.604542393727871,
        0.04070664546651839,
        0.034280317681238764,
        0.34697739872324396,
        2.1378567432951567,
        0.13704934569586938,
        0.8014535443903713,
        2.2338073059694437,
        1.9138107231927513,
        5.3677701258060795,
        11.029551859859609,
        0.022749168037381386,
        0.009978431909467513,
        0.0064585967110784796,
        0.02229572191492247,
        0.34408134145691344,
        1.4164164871693294,
        0.455154707438223,
        0.3550700116571158,
        0.029933118474516417,
        0.15056299102688175,
        0.4230779426064039,
        0.45632040230607035,
        0.23954697079903503,
        0.019941550722209045,
        0.07327797637964033,
        0.3305352883698465,
        0.20313524300799277,
        0.06053855983765996,
        0.0980904324031377,
        0.07372572258848573
    ],
    "6": [
        0.006395815391264724,
        0.015856560985159758,
        0.007827685173564455,
        0.008262513675355644,
        0.35634844911904523,
        0.2559325893399607,
        0.21236471188821401,
        0.26283421081420283,
        13.683010928157529,
        5.507617353145149,
        2.300600346668335,
        17.572110288156747,
        0.888046248103376,
        0.20604096104148975,
        0.41347177426937265,
        0.1459104891856891,
        0.4084380918126089,
        0.21700943519321544,
        0.26772849831822926,
        0.6889945876128388,
        0.27229969829721223,
        0.0568034037475313,
        0.020286154001511035,
        0.09026021807118123,
        0.9989447128823113,
        0.9258578440764409,
        0.7007835728805711,
        0.5241652574469716,
        0.418985005309043,
        0.5604891673763477,
        1.0074928127746248,
        2.2594712214164097
    ],
    "7": [
        0.2066047793213656,
        0.2724896991141538,
        0.36190882933514984,
        0.2219615119950203,
        0.06210742247132651,
        15.16656503039468,
        4.051665486562401,
        0.34635410074051803,
        0.32045483858667617,
        0.17214487314065155,
        0.3945317618363268,
        0.20884225369361478,
        5.786717983439989,
        0.5433606530118773,
        0.8686173872001389,
        0.6886024439303052,
        0.05984489122708908,
        0.055837661175304726,
        0.2686522739666064,
        0.18373877418913556,
        0.1949411673550875,
        1.5829335811093874,
        2.467721079061888,
        0.4590121367844766,
        0.6502248190369895,
        0.6002115448174528,
        1.0046207561717764,
        0.401292268968986,
        4.848467416534353,
        0.6080302686506743,
        0.6285201460628496,
        0.05837529420972184
    ],