{
    "0": [
        0.2216900195700528,
        0.0703094413507592,
        0.07341517171673548,
        0.14242246705168943,
        0.22751033451650696,
        0.09514489976500771,
        0.007671551661395239,
        0.05857396845270535,
        0.027531178387871728,
        0.8478203434173784,
        0.03339213246914248,
        0.053354553021190056,
        0.2216900195700528,
        0.0703094413507592,
        0.07341517171673548,
        0.14242246705168943
    ],
    "1": [
        0.00826808935847989,
        0.013230228570749217,
        0.2735565392409824,
        0.06421900506449635,
        0.0029833832871148896,
        0.25706220777683547,
        0.3421507145407204,
        0.4447407477064204,
        0.3073533579134981,
        0.14002270892633714,
        0.11252209567522585,
        0.17805626455164641,
        0.00826808935847989,
        0.013230228570749217,
        0.2735565392409824,
        0.06421900506449635
    ],
    "2": [
        0.026524794791842703,
        0.04976657197098978,
        0.4251291627477923,
        4.582813686241889,
        0.1299566840115493,
        0.3038895806810111,
        0.09657303552813393,
        0.021353865800680397,
        0.023432335619836462,
        0.1213747675099934,
        0.0277722183776668,
        0.025253526438454216,
        0.026524794791842703,
        0.04976657197098978,
        0.4251291627477923,
        4.582813686241889
    ],
    "3": [
        0.006791239733176703,
        0.015809943337116602,
        0.009480591331064561,
        0.013724412676533947,
        0.2887356682408282,
        0.02746275685639814,
        0.14052858178150873,
        0.7276577821408767,
        0.2155143307693307,
        0.36018575731049196,
        0.09732403787618596,
        0.3027132775429294,
        0.006791239733176703,
        0.015809943337116602,
        0.009480591331064561,
        0.013724412676533947
    ],
    "4": [
        0.4897545233978354,
        0.3364266720670392,
        0.054125401941165004,
        0.7517323876748201,
        0.3113720345579846,
        0.14064608822158461,
        0.01929378395511237,
        0.011026053709341042,
        0.017575368895715794,
        0.014629749915838935,
        2.6468451528099424,
        0.03520001228626006,
        0.4897545233978354,
        0.3364266720670392,
        0.054125401941165004,
        0.7517323876748201
    ],
    "5": [
        0.18238374488905848,
        0.028810743931859718,
        0.32422907405289353,
        0.3000632220108018,
        1.2575071792338157,
        0.23943786156474176,
        0.08838919573065084,
        0.06904703086092163,
        0.006041170297290054,
        0.020328102646006464,
        0.22282780601925098,
        2.2056446042555193,
        0.18238374488905848,
        0.028810743931859718,
        0.32422907405289353,
        0.3000632220108018
    ],
    "6": [
        0.41420656340674866,
        2.0660093279294234,
        0.0254889353176607,
        0.19353641965413598,
        0.06990635858780292,
        0.02598556063087001,
        1.450388276713044,
        3.8447438628972606,
        0.01274652211718535,
        8.185358656405507,
        0.06377170992794,
        0.024053241716162767,
        0.41420656340674866,
        2.0660093279294234,
        0.0254889353176607,
        0.19353641965413598
    ],
    "7": [
        0.3557838920335937,
        0.2428099603734137,
        0.338437567784202,
        0.030658119100008055,
        1.2770315043812168,
        0.08493737012381317,
        0.37196803397307787,
        0.010522336444772335,
        0.009919395667423551,
        0.022349494662876536,
        0.043785323348080885,
        0.29803364919785896,
        0.3557838920335937,
        0.2428099603734137,
        0.338437567784202,
        0.030658119100008055
    ],
    "8": [
        0.6103398770129678,
        1.4255904148990453,
        1.1756512230147105,
        23.49279402061063,
        1.8363161236995926,
        0.06162908208514907,
        0.19504046430692262,
        6.693388435159357,
        0.25457733491508916,
        0.09763632414711698,
        0.02897576062261004,
        0.025571805983050575,
        0.6103398770129678,
        1.4255904148990453,
        1.1756512230147105,
        23.49279402061063
    ],
    "9": [
        0.12158119474721914,
        0.2784204521010406,
        0.1929994003284758,
        0.6955861179367078,
        0.0611656221019376,
        0.27401554234322717,
        0.8534696701920291,
        1.871942051624999,
        6.189068658734502,
        0.3218224500240479,
        0.09154378029494009,
        0.013030202768092138,
        0.12158119474721914,
        0.2784204521010406,
        0.1929994003284758,
        0.6955861179367078
    ],
    "10": [
        0.6057508545546778,
        0.02800544964125592,
        0.17433740850309654,
        1.2030831718870216,
        7.089609824903061,
        0.07521084130077273,
        0.8088486350940861,
        1.4529118659321407,
        0.5895016685415655,
        1.6170206248962542,
        7.14244947856935,
        1.2538218588818446,
        0.6057508545546778,
        0.02800544964125592,
        0.17433740850309654,
        1.2030831718870216
    ],
    "11": [
        0.587638491190945,
        0.01661274051115658,
        0.004145893991204512,
        2.143694522363042,
        0.003766950629174874,
        0.28287881222426836,
        0.09450052762932715,
        0.6813041358806803,
        0.09596077636590163,
        1.322954080652761,
        2.5852466709651396,
        0.2416074402539811,
        0.587638491190945,
        0.01661274051115658,
        0.004145893991204512,
        2.143694522363042
    ],
    "12": [
        0.6002625373389591,
        11.636946635319228,
        1.0105451760508928,
        1.8620246072456812,
        0.09471241014081369,
        0.39298315463742245,
        7.311073952957751,
        0.010204917126176227,
        0.024601059215589804,
        0.47810956627370144,
        0.2924889613880476,
        0.43025039458695813,
        0.6002625373389591,
        11.636946635319228,
        1.0105451760508928,
        1.8620246072456812
    ],
    "13": [
        0.015718994229688574,
        1.337242915358957,
        0.006569851111512135,
        0.012000440646973424,
        0.002742849223106292,
        0.11722072585780703,
        0.18255987649952707,
        0.18995307479292725,
        0.07822105921765914,
        0.33904002594089205,
        0.1563254429722948,
        0.30370845145145225,
        0.015718994229688574,
        1.337242915358957,
        0.006569851111512135,
        0.012000440646973424
    ],
    "14": [
        7.891807594207357,
        1.655117223771578,
        7.588491051114213,
        26.287938184574923,
        18.48369765988581,
        15.157807750419527,
        15.39690370999202,
        0.08331868016264674,
        0.02645752832523706,
        0.02968044998861555,
        0.5937626446748968,
        1.0674859296987946,
        7.891807594207357,
        1.655117223771578,
        7.588491051114213,
        26.287938184574923
    ],
    "15": [
        1.9207856909547605,
        2.1638628631668517,
        2.4176918024365137,
        1.3678719770716805,
        0.7879222869915415,
        0.14125086300682202,
        0.3573037419772904,
        6.309708576131446e-06,
        1.2298155895656655,
        0.012084467651512144,
        0.37714065775859834,
        0.026178998390405894,
        1.9207856909547605,
        2.1638628631668517,
        2.4176918024365137,
        1.3678719770716805
    ],