{
    "0": [
        0.03110282814071098,
        0.014797070952459683,
        0.41615865684009734,
        0.45278972883790025,
        0.4841740149694443,
        0.0021719858971584517,
        0.2247885490881939,
        0.41398153745113236,
        0.6127926183909657,
        0.03452877139414638,
        0.16737838935087154,
        0.07101554474124391,
        0.35255855143004705,
        0.05266623464486881
    ],
    "1": [
        0.25343281917186633,
        0.4121227810355575,
        0.1823953223779889,
        0.41738415083911634,
        0.2166024937639209,
        0.48173926647428883,
        0.259211972258256,
        0.330066052482157,
        0.010917765478292105,
        0.03247683379385466,
        0.06928744325068951,
        0.0981546728796065,
        0.16836485838820528,
        0.31681855809280923
    ],
    "2": [
        0.051267224790171,
        0.030806587422264418,
        1.5239377360494235,
        0.03958926364738099,
        0.07187379708726736,
        0.2789331035130759,
        0.022915869179798546,
        0.2076021611852561,
        0.0860170650500744,
        0.2518286096055976,
        0.15754281410776855,
        0.265656329305001,
        0.2542056237265748,
        0.303056558296341
    ],
    "3": [
        3.394029573849632,
        0.00730234203070149,
        0.007999588060344424,
        0.3917068754389373,
        0.33634096117169016,
        9.20904875982014,
        0.048007666509907405,
        0.03816373822975308,
        0.15241487132493284,
        0.15718328972069923,
        0.03652041289137595,
        0.05673425934414943,
        0.048045364271704305,
        0.045493056805843174
    ],
    "4": [
        0.0036816249864756495,
        0.01654634041487965,
        0.035739844542705866,
        0.2832638241982437,
        0.011463299154470955,
        0.009369663478465394,
        0.004523987839982631,
        0.38384946326892166,
        1.1486201433399468,
        1.2228076202371425,
        0.4078515489401539,
        0.355009243848657,
        0.013025458778362066,
        1.0633095311493288
    ],
    "5": [
        1.2121974669723743,
        0.024617360886300142,
        1.2868771720841155,
        1.2921230580989966,
        0.2995918793652972,
        0.14394846935111524,
        0.2128841503490582,
        0.6066328390482503,
        2.5785658193976824,
        0.024247898304997805,
        0.4936443254034863,
        0.42575727342503134,
        0.5345267902558857,
        0.24417797277049746
    ],
    "6": [
        2.2337560000349104,
        0.025086584100723543,
        0.7158844551267773,
        0.7019870950532268,
        0.012465326190292845,
        0.46177369041253025,
        0.022748479179352826,
        0.4046908458790842,
        0.635528289500174,
        0.028819288299756825,
        0.14335157889236172,
        0.4690954901877095,
        0.054462720613389505,
        1.2478484638229663
    ],
    "7": [
        0.0029042326830327012,
        0.02323852611391649,
        0.04896228555022213,
        0.003522719673064483,
        0.015978733480815393,
        0.028675014245928027,
        0.019209365620973404,
        1.489090155445918,
        4.693899359068594,
        0.00914226797730888,
        0.02640073172569307,
        0.01914323711072727,
        0.08898887022793021,
        0.5582514864404629
    ],
    "8": [
        0.3471760881131656,
        0.022099878118075986,
        0.12721276850303792,
        1.8306662238086566e-08,
        0.004831441241275587,
        0.015430363152323861,
        0.04883980546267315,
        0.00039609180690522157,
        0.004834786065376091,
        0.04104889608917344,
        0.00870561525937298,
        0.006572694063180244,
        0.009015965096255638,
        0.006931995592573396
    ],
    "9": [
        0.023591894127910188,
        0.05617412114598327,
        0.1406259024796385,
        0.11037787286394349,
        0.4622853647884774,
        0.014689698429046877,
        0.48646947458904105,
        5.327119363264562,
        11.72958943509477,
        14.5737473593161,
        2.847013678302131,
        0.8937525868909493,
        0.7249696998290593,
        10.375536047910915
    ],
    "10": [
        0.5844857057615364,
        0.7369956194858674,
        0.009356888926217692,
        0.010607958682163719,
        0.22631566281233637,
        0.07133789089449505,
        0.007447931107565027,
        0.6480112470389453,
        0.2815211558728738,
        1.0392355378926923,
        0.8676784319552548,
        0.8378805957309517,
        1.7004531721102911,
        0.9699429897371983
    ],
    "11": [
        0.23380347203088916,
        8.496951497112393,
        3.043875634928127,
        1.005819424565506,
        0.761105910137922,
        0.1969713805207773,
        1.0410790590961767,
        2.267320704235427,
        2.9419212887795685,
        19.601313701803576,
        2.12051527694943,
        11.91689019803544,
        11.167557057602567,
        0.004446519973057659
    ],
    "12": [
        0.0035837591997511494,
        0.15799128097861181,
        0.20172684946425068,
        0.6910597982987686,
        0.17577539926460237,
        0.20502567397046945,
        0.056060214326679236,
        0.4574019776118937,
        0.0044648584315255604,
        0.12100426361005188,
        0.09306125040926543,
        0.3607634272674341,
        0.0046751343195666215,
        0.3567442254491967
    ],
    "13": [
        6.956792706695096,
        0.005769336756813065,
        20.628814999474013,
        0.02856158302335531,
        0.006878284099488505,
        0.05294223629259339,
        10.47514402688077,
        6.998337217117273,
        21.97434753347425,
        5.395830153133609,
        0.1808717889058511,
        0.623117841449876,
        10.323838187457326,
        22.70699245485014
    ],
    "14": [
        0.09610556351855924,
        0.01279121537320891,
        0.056075651664555894,
        0.9444190133108967,
        0.014039133090930802,
        2.6519348978487,
        0.018457111903331137,
        0.21361999161505313,
        1.4399261019325675,
        16.196448387519872,
        0.03798989693438917,
        0.7494716017393513,
        1.355782878404384,
        5.514492619582025
    ],
    "15": [
        0.12181313986351838,
        0.7206599231282012,
        0.008028278794267013,
        0.009914481350054634,
        0.012725317629803293,
        0.011472664078469879,
        4.685652628639117,
        2.0265122378723137,
        1.116372501983554,
        3.8838736929529305,
        0.6471111111769292,
        0.5181829729682939,
        12.428385728157307,
        2.735929557216464
    ],
    "16": [
        2.902642338356094,
        12.200453447941918,
        20.711634604296027,
        28.420170023628046,
        0.37609511377094773,
        0.030497913996147985,
        22.942540387065385,
        21.188426773810143,
        0.17994912613879877,
        22.578805386566323,
        0.07534030069410037,
        0.7904261646655572,
        25.16609189451743,
        2.4008692323390304
    ],
    "17": [
        0.11851035290969011,
        0.49280006837920937,
        0.28640768577494485,
        0.06771800296676482,
        0.09433661344586595,
        0.108602913515298,
        0.028379563610217932,
        0.8980584889925782,
        7.584475048695899,
        0.01683849964511793,
        0.011623038103096303,
        0.12917615184727063,
        0.9604281513554056,
        0.014460867616609988
    ],
    "18": [
        2.635968492290736,
        1.0076283982906717,
        0.038258367655008244,
        0.011915738571858672,
        2.1837261436991704,
        0.6249204452075116,
        1.161023763245631,
        0.08557641156790056,
        0.07072405167023411,
        0.2740205919689323,
        0.3048570693973123,
        0.3211200377812788,
        0.060559509483458375,
        7.160893733134392
    ],